{
  "project_info": {
    "project_number": "417241851179",
    "project_id": "sesi-12-76d8b",
    "storage_bucket": "sesi-12-76d8b.firebasestorage.app"
  },
  "client": [
    {
      "client_info": {
        "mobilesdk_app_id": "1:417241851179:android:913ff0db602feba280116e",
        "android_client_info": {
          "package_name": "com.sqlitern"
        }
      },
      "oauth_client": [
        {
          "client_id": "417241851179-j3g5hifgthbmc0k81086secc7jt3ji28.apps.googleusercontent.com",
          "client_type": 3
        }
      ],
      "api_key": [
        {
          "current_key": "AIzaSyDZCCewrofbIBn2AV9OvclQ-xAhVDNGpq0"
        }
      ],
      "services": {
        "appinvite_service": {
          "other_platform_oauth_client": [
            {
              "client_id": "417241851179-j3g5hifgthbmc0k81086secc7jt3ji28.apps.googleusercontent.com",
              "client_type": 3
            }
          ]
        }
      }
    }
  ],
  "configuration_version": "1"
}